Edad,Altura,Peso,ManoDominante,Genero
43,155.53,91.58,Diestro,Masculino
28,159.43,69.79,Diestro,Femenino
47,182.98,90.62,Diestro,Femenino
60,161.07,87.77,Diestro,Masculino
25,160.18,83.47,Diestro,Femenino
52,167.95,90.2,Diestro,Femenino
32,161.9,77.48,Diestro,Masculino
59,150.11,73.58,Diestro,Femenino
24,186.11,65.96,Zurdo,Femenino
60,186.97,97.57,Diestro,Masculino
59,181.78,62.46,Diestro,Femenino
47,163.79,95.7,Diestro,Masculino
30,181.23,52.83,Diestro,Femenino
46,185.56,86.53,Diestro,Femenino
29,166.37,66.4,Diestro,Masculino
48,180.23,66.78,Diestro,Femenino
25,154.51,50.54,Diestro,Masculino
54,174.32,85.49,Diestro,Masculino
39,173.58,61.79,Diestro,Femenino
47,174.4,88.72,Diestro,Masculino
24,160.91,65.84,Diestro,Femenino
50,162.23,52.01,Diestro,Femenino
43,173.13,74.53,Diestro,Masculino
37,178.34,91.9,Diestro,Masculino
32,159.75,65.53,Diestro,Femenino
24,150.22,67.04,Diestro,Femenino
53,171.08,64.31,Diestro,Masculino
45,155.37,56.69,Diestro,Masculino
48,151.07,74.88,Diestro,Femenino
59,189.97,66.07,Diestro,Femenino
31,155.9,53.95,Diestro,Femenino
38,171.66,96.68,Diestro,Masculino
43,165.89,98.13,Diestro,Femenino
60,178.36,51.69,Diestro,Femenino
26,165.02,97.38,Zurdo,Masculino
45,173.6,69.95,Diestro,Masculino
46,152.53,74.45,Diestro,Masculino
24,185.76,77.88,Diestro,Masculino
55,153.94,97.64,Diestro,Femenino
60,172.25,95.86,Diestro,Masculino
44,165.32,92.37,Diestro,Masculino
46,164.25,57.14,Diestro,Femenino
47,171.0,59.93,Diestro,Femenino
57,182.39,94.61,Diestro,Masculino
36,170.13,82.03,Diestro,Femenino
19,185.7,63.63,Diestro,Masculino
48,173.32,91.31,Diestro,Masculino
51,185.02,82.66,Diestro,Masculino
20,177.06,94.91,Diestro,Masculino
39,168.5,60.28,Diestro,Femenino
25,154.24,64.18,Diestro,Femenino
37,158.05,63.09,Diestro,Femenino
20,173.97,95.53,Diestro,Femenino
22,184.31,78.17,Diestro,Femenino
30,174.61,79.83,Diestro,Femenino
40,173.52,82.58,Diestro,Femenino
47,170.0,75.48,Diestro,Masculino
22,176.73,56.78,Diestro,Femenino
50,183.65,89.92,Diestro,Masculino
50,176.2,94.64,Diestro,Femenino
36,169.7,91.8,Diestro,Femenino
24,180.43,79.32,Diestro,Femenino
19,177.45,64.44,Zurdo,Masculino
28,175.57,95.77,Diestro,Masculino
48,176.13,79.09,Diestro,Femenino
33,151.55,52.9,Diestro,Femenino
44,176.5,53.33,Diestro,Femenino
53,182.0,91.92,Diestro,Femenino
56,161.23,52.08,Zurdo,Masculino
35,182.48,73.09,Diestro,Femenino
60,168.07,77.81,Diestro,Femenino
53,179.61,61.29,Diestro,Femenino
39,188.67,53.3,Diestro,Femenino
46,169.85,69.77,Diestro,Masculino
37,177.47,81.82,Diestro,Femenino
39,155.94,71.03,Diestro,Femenino
45,177.3,61.82,Diestro,Femenino
29,150.82,65.47,Diestro,Femenino
52,162.44,87.8,Zurdo,Femenino
24,161.12,66.66,Diestro,Femenino
22,187.01,74.16,Diestro,Femenino
36,188.53,92.97,Diestro,Femenino
31,162.38,84.88,Diestro,Femenino
59,186.27,95.77,Diestro,Masculino
52,160.27,80.95,Diestro,Masculino
31,165.29,54.0,Diestro,Masculino
54,166.48,55.77,Diestro,Masculino
20,179.03,87.91,Diestro,Masculino
59,156.23,73.0,Diestro,Masculino
18,163.54,77.46,Diestro,Masculino
29,180.73,74.94,Diestro,Masculino
38,172.72,61.54,Diestro,Masculino
26,157.18,64.2,Diestro,Femenino
39,165.43,81.77,Diestro,Femenino
43,172.45,75.81,Diestro,Femenino
32,176.3,92.04,Diestro,Femenino
42,170.21,76.49,Diestro,Femenino
40,172.33,85.36,Diestro,Femenino
20,161.2,55.9,Diestro,Femenino
59,166.3,87.8,Diestro,Femenino
28,161.78,79.84,Diestro,Masculino
58,154.63,73.37,Diestro,Femenino
42,159.16,64.67,Diestro,Masculino
42,171.6,82.23,Diestro,Femenino
54,168.4,84.75,Diestro,Femenino
55,154.64,68.97,Diestro,Femenino
26,161.69,77.14,Diestro,Femenino
44,159.61,96.98,Diestro,Femenino
34,174.38,84.64,Diestro,Femenino
40,186.41,69.81,Diestro,Masculino
39,161.95,68.78,Diestro,Masculino
52,163.12,86.71,Diestro,Masculino
24,185.49,89.06,Diestro,Femenino
50,185.51,96.34,Diestro,Masculino
36,186.15,96.24,Diestro,Femenino
38,164.48,52.82,Diestro,Masculino
42,156.66,60.79,Diestro,Masculino
43,186.8,94.08,Diestro,Masculino
59,159.88,79.69,Diestro,Masculino
57,177.88,98.41,Diestro,Masculino
37,156.37,83.91,Zurdo,Femenino
56,153.43,94.52,Diestro,Masculino
51,167.68,94.78,Diestro,Masculino
37,160.4,83.65,Zurdo,Femenino
37,154.09,51.75,Diestro,Femenino
44,186.73,51.15,Diestro,Femenino
47,183.3,54.82,Diestro,Masculino
23,187.36,69.1,Diestro,Femenino
44,154.75,59.49,Zurdo,Masculino
33,183.8,56.88,Diestro,Femenino
44,171.98,89.01,Diestro,Masculino
23,165.08,77.08,Diestro,Masculino
46,157.71,61.74,Diestro,Femenino
46,186.66,90.46,Diestro,Masculino
53,166.2,55.62,Diestro,Femenino
18,170.9,75.67,Zurdo,Femenino
49,178.86,52.81,Diestro,Masculino
54,188.64,67.79,Diestro,Femenino
44,186.22,67.04,Diestro,Masculino
33,161.21,51.19,Diestro,Masculino
20,186.01,90.03,Diestro,Masculino
29,153.09,75.35,Diestro,Femenino
48,153.82,75.86,Diestro,Femenino
18,172.05,61.82,Diestro,Masculino
34,160.04,77.13,Diestro,Femenino
53,160.15,83.14,Diestro,Femenino
47,160.72,94.54,Zurdo,Masculino
23,184.55,60.49,Diestro,Masculino
35,176.03,65.82,Diestro,Masculino
18,166.86,84.59,Diestro,Masculino
36,180.47,55.72,Diestro,Masculino
54,178.11,80.0,Diestro,Masculino
27,181.77,72.86,Diestro,Masculino
45,178.07,68.52,Diestro,Masculino
60,159.2,81.03,Diestro,Masculino
52,161.22,66.82,Diestro,Femenino
40,186.59,64.4,Diestro,Masculino
30,169.49,55.83,Diestro,Femenino
49,171.48,88.5,Diestro,Masculino
58,156.53,81.91,Diestro,Femenino
32,157.38,54.02,Diestro,Masculino
51,160.44,53.14,Diestro,Femenino
43,175.0,51.89,Diestro,Femenino
32,155.18,53.6,Diestro,Femenino
28,169.52,65.34,Zurdo,Masculino
54,177.87,78.79,Diestro,Femenino
51,165.41,52.55,Diestro,Masculino
22,177.06,87.48,Diestro,Femenino
43,178.66,50.59,Diestro,Masculino
27,165.96,60.38,Diestro,Masculino
53,175.67,74.97,Diestro,Masculino
55,171.09,72.09,Diestro,Femenino
28,159.55,65.03,Diestro,Femenino
40,158.13,74.87,Diestro,Masculino
25,188.59,68.17,Diestro,Masculino
59,173.42,53.81,Diestro,Masculino
57,184.44,63.75,Diestro,Masculino
59,158.82,67.37,Diestro,Femenino
46,155.45,97.93,Zurdo,Masculino
31,178.81,69.44,Diestro,Femenino
40,173.59,50.48,Diestro,Masculino
57,185.62,79.21,Diestro,Femenino
52,183.45,66.63,Diestro,Masculino
28,156.46,99.44,Diestro,Femenino
50,164.31,94.08,Diestro,Masculino
24,157.83,83.39,Diestro,Masculino
36,174.56,88.39,Diestro,Masculino
27,160.01,97.86,Diestro,Femenino
59,180.96,91.96,Diestro,Masculino
24,180.06,99.87,Diestro,Femenino
54,188.34,93.82,Diestro,Femenino
59,165.46,71.73,Diestro,Femenino
57,182.37,73.42,Diestro,Femenino
20,161.81,81.53,Diestro,Masculino
53,163.45,70.0,Diestro,Masculino
32,171.8,94.47,Diestro,Femenino
28,169.77,90.12,Diestro,Masculino
22,171.37,95.84,Diestro,Femenino
36,153.44,64.43,Diestro,Femenino
40,167.65,82.31,Diestro,Masculino
38,189.19,79.79,Diestro,Masculino
51,156.29,78.18,Diestro,Masculino
49,157.4,71.52,Diestro,Femenino
49,173.76,76.84,Diestro,Masculino
44,160.25,71.49,Diestro,Masculino
56,173.51,64.05,Diestro,Femenino
37,167.97,99.68,Diestro,Masculino
48,187.59,99.18,Diestro,Femenino
35,167.84,99.77,Diestro,Masculino
31,150.01,56.86,Diestro,Masculino
20,152.41,78.15,Diestro,Femenino
56,185.75,73.55,Zurdo,Femenino
23,152.54,69.8,Diestro,Femenino
33,186.98,92.34,Diestro,Masculino
42,164.99,76.86,Diestro,Masculino
27,176.49,90.95,Diestro,Masculino
28,166.47,57.68,Diestro,Femenino
27,156.92,93.76,Diestro,Masculino
22,173.16,85.33,Zurdo,Femenino
51,171.19,74.86,Diestro,Femenino
56,189.88,50.93,Diestro,Masculino
47,165.14,65.65,Diestro,Masculino
25,178.38,86.38,Diestro,Femenino
33,168.92,76.24,Diestro,Masculino
31,187.16,97.87,Diestro,Femenino
18,159.06,78.99,Diestro,Masculino
20,180.78,62.4,Diestro,Masculino
31,186.17,61.38,Diestro,Femenino
26,152.0,52.58,Diestro,Femenino
49,159.08,83.09,Diestro,Femenino
38,160.02,91.65,Diestro,Femenino
46,187.77,55.18,Diestro,Masculino
33,186.88,96.04,Diestro,Masculino
52,186.54,92.53,Diestro,Masculino
26,150.76,76.74,Diestro,Masculino
54,180.77,79.45,Diestro,Masculino
35,181.12,93.03,Diestro,Masculino
46,184.8,59.0,Diestro,Masculino
30,160.61,81.22,Diestro,Masculino
34,187.56,82.8,Diestro,Femenino
56,181.02,57.22,Diestro,Femenino
46,157.04,81.43,Diestro,Femenino
57,181.68,88.05,Diestro,Femenino
27,173.17,65.43,Diestro,Masculino
24,174.42,68.52,Diestro,Masculino
55,167.27,57.53,Diestro,Masculino
59,166.0,58.32,Zurdo,Masculino
30,155.38,96.79,Diestro,Femenino
32,183.58,78.23,Diestro,Femenino
41,150.9,95.7,Diestro,Femenino
39,164.03,61.95,Diestro,Masculino
37,186.95,51.03,Diestro,Masculino
45,168.78,90.31,Zurdo,Femenino
48,165.83,64.14,Diestro,Masculino
57,177.09,85.03,Diestro,Masculino
60,151.57,87.58,Diestro,Masculino
47,162.11,84.64,Diestro,Femenino
26,150.08,66.92,Diestro,Femenino
34,189.86,96.08,Zurdo,Femenino
41,178.63,82.03,Zurdo,Masculino
37,167.93,80.77,Zurdo,Femenino
24,158.49,62.03,Diestro,Femenino
42,157.81,53.45,Diestro,Masculino
20,171.77,99.41,Diestro,Masculino
22,163.1,61.32,Diestro,Femenino
39,184.65,62.57,Diestro,Masculino
46,156.04,67.48,Diestro,Masculino
46,181.38,78.22,Diestro,Masculino
20,175.68,92.76,Zurdo,Masculino
46,169.27,82.57,Zurdo,Femenino
30,168.33,75.21,Diestro,Masculino
52,163.41,86.38,Diestro,Masculino
48,169.99,80.09,Diestro,Femenino
53,154.82,97.31,Diestro,Masculino
55,179.45,83.28,Diestro,Femenino
33,159.09,67.08,Diestro,Femenino
30,155.17,55.37,Diestro,Masculino
18,175.91,75.6,Diestro,Femenino
60,170.91,54.95,Diestro,Femenino
37,185.79,93.29,Diestro,Masculino
45,170.37,55.75,Diestro,Femenino
18,184.9,64.2,Diestro,Masculino
55,177.77,98.32,Zurdo,Masculino
40,152.96,75.55,Diestro,Masculino
46,158.52,95.25,Diestro,Femenino
30,151.21,89.78,Diestro,Femenino
19,157.47,52.05,Diestro,Femenino
31,164.26,98.47,Diestro,Femenino
38,164.3,60.29,Diestro,Masculino
26,158.39,87.63,Diestro,Masculino
22,169.3,51.8,Diestro,Femenino
34,172.48,92.37,Diestro,Femenino
36,180.63,76.36,Diestro,Femenino
30,161.47,65.72,Zurdo,Femenino
28,170.44,53.04,Diestro,Masculino
32,160.1,59.34,Diestro,Femenino
50,187.23,54.09,Diestro,Femenino
36,165.93,94.89,Diestro,Femenino
53,179.03,97.22,Diestro,Masculino
36,157.16,58.62,Diestro,Femenino
37,165.09,60.21,Diestro,Masculino
39,175.74,63.3,Diestro,Femenino
29,162.54,87.02,Diestro,Femenino
47,161.77,69.25,Diestro,Masculino
43,152.32,83.95,Diestro,Masculino
42,170.6,65.48,Diestro,Masculino
44,182.61,96.97,Zurdo,Masculino
57,163.16,94.59,Diestro,Masculino
34,165.21,57.89,Diestro,Femenino
51,157.65,59.32,Diestro,Masculino
38,184.76,85.94,Diestro,Femenino
39,184.61,82.66,Diestro,Femenino
47,162.19,88.07,Diestro,Femenino
25,155.06,87.07,Zurdo,Masculino
60,154.67,82.12,Diestro,Femenino
18,152.76,94.6,Diestro,Femenino
18,162.76,96.31,Diestro,Masculino
30,187.94,65.5,Diestro,Masculino
46,153.22,60.56,Diestro,Femenino
48,153.08,95.8,Diestro,Femenino
27,185.66,62.2,Diestro,Femenino
42,154.59,75.05,Diestro,Femenino
29,158.87,93.02,Diestro,Femenino
32,159.82,84.21,Diestro,Femenino
48,164.62,93.7,Diestro,Masculino
19,168.81,96.17,Diestro,Femenino
27,177.98,66.65,Diestro,Femenino
20,157.43,86.12,Diestro,Femenino
33,181.55,67.84,Diestro,Femenino
31,176.74,52.87,Diestro,Femenino
39,172.69,56.02,Diestro,Femenino
43,180.16,73.2,Diestro,Masculino
58,185.47,59.46,Diestro,Femenino
59,169.26,67.83,Diestro,Masculino
44,157.69,72.68,Diestro,Femenino
53,152.0,73.11,Diestro,Masculino
39,168.72,65.81,Zurdo,Femenino
24,164.6,70.03,Diestro,Masculino
39,176.33,60.91,Zurdo,Masculino
38,166.54,74.12,Zurdo,Femenino
40,163.23,83.01,Diestro,Masculino
53,163.84,84.87,Diestro,Femenino
24,168.55,67.39,Diestro,Masculino
32,185.61,99.28,Diestro,Femenino
36,158.61,51.86,Diestro,Masculino
21,155.43,50.25,Diestro,Femenino
54,169.97,65.89,Diestro,Masculino
28,175.5,91.3,Zurdo,Femenino
53,179.29,71.98,Diestro,Masculino
59,173.53,52.86,Diestro,Femenino
59,187.33,65.25,Diestro,Masculino
49,169.76,62.89,Diestro,Masculino
21,185.35,68.82,Diestro,Femenino
58,159.02,76.05,Diestro,Femenino
52,180.39,79.33,Zurdo,Masculino
31,176.67,97.17,Diestro,Masculino
24,167.76,82.42,Diestro,Masculino
55,181.08,75.6,Diestro,Masculino
56,151.59,96.86,Diestro,Masculino
26,189.18,56.74,Diestro,Femenino
46,183.18,61.51,Diestro,Masculino
32,174.31,70.84,Diestro,Masculino
60,186.45,64.91,Diestro,Masculino
55,184.21,78.75,Diestro,Femenino
43,184.18,52.45,Diestro,Femenino
47,186.15,69.83,Diestro,Masculino
41,165.72,96.26,Diestro,Femenino
42,187.21,82.76,Diestro,Masculino
59,153.87,78.77,Diestro,Femenino
53,180.54,93.55,Diestro,Masculino
27,170.02,58.67,Diestro,Masculino
19,165.43,92.32,Diestro,Masculino
43,187.95,76.75,Diestro,Masculino
33,169.46,63.39,Diestro,Femenino
32,165.37,96.84,Diestro,Masculino
30,177.4,61.81,Diestro,Masculino
34,176.07,74.82,Diestro,Masculino
44,166.91,93.61,Diestro,Masculino
38,166.95,67.05,Diestro,Femenino
42,160.16,53.2,Diestro,Masculino
44,160.6,75.0,Diestro,Masculino
46,170.77,81.83,Diestro,Femenino
23,187.67,59.25,Diestro,Femenino
37,159.49,94.33,Diestro,Femenino
42,182.48,54.24,Diestro,Femenino
23,156.87,85.22,Diestro,Femenino
55,166.51,92.2,Diestro,Femenino
43,179.28,63.13,Zurdo,Masculino
35,172.8,52.61,Diestro,Femenino
41,177.03,93.35,Diestro,Femenino
34,174.14,88.34,Diestro,Femenino
34,189.33,59.8,Diestro,Femenino
56,151.12,58.94,Diestro,Masculino
58,185.23,81.5,Zurdo,Femenino
25,171.53,76.25,Diestro,Femenino
46,186.95,81.34,Diestro,Masculino
57,157.07,77.71,Zurdo,Femenino
57,160.62,83.42,Diestro,Femenino
21,182.39,54.17,Diestro,Masculino
39,161.85,97.25,Diestro,Femenino
40,177.81,91.21,Diestro,Masculino
26,176.46,80.06,Diestro,Femenino
52,156.75,92.15,Diestro,Masculino
26,176.51,62.97,Diestro,Femenino
42,168.19,56.93,Diestro,Masculino
34,171.94,72.34,Diestro,Femenino
55,170.71,51.89,Diestro,Femenino
20,164.44,55.33,Diestro,Femenino
52,180.81,88.82,Diestro,Femenino
37,175.41,67.23,Zurdo,Masculino
30,172.07,73.58,Diestro,Femenino
35,160.02,82.34,Diestro,Femenino
35,187.99,99.29,Diestro,Femenino
40,153.19,98.36,Diestro,Femenino
43,153.45,59.66,Diestro,Femenino
21,183.73,61.47,Diestro,Masculino
57,154.36,96.38,Diestro,Femenino
22,178.34,82.81,Diestro,Masculino
46,157.29,64.51,Diestro,Masculino
27,153.51,83.03,Diestro,Femenino
19,164.98,88.43,Diestro,Femenino
18,151.61,56.71,Diestro,Masculino
25,155.61,81.33,Diestro,Femenino
31,174.29,62.27,Diestro,Femenino
22,150.24,88.21,Diestro,Femenino
50,171.13,62.19,Diestro,Masculino
55,187.68,90.3,Diestro,Masculino
22,189.22,73.06,Zurdo,Masculino
24,161.45,54.75,Diestro,Masculino
47,155.22,51.76,Zurdo,Masculino
47,170.51,99.05,Diestro,Masculino
27,173.18,88.01,Diestro,Masculino
55,164.48,89.51,Diestro,Femenino
18,161.0,82.06,Diestro,Masculino
42,160.7,78.8,Diestro,Femenino
60,181.29,54.82,Diestro,Masculino
35,188.78,52.17,Zurdo,Femenino
57,165.13,86.89,Diestro,Femenino
18,177.84,71.01,Zurdo,Masculino
34,179.87,82.1,Diestro,Masculino
55,177.49,56.55,Diestro,Femenino
26,184.0,90.93,Diestro,Masculino
52,179.15,63.49,Diestro,Masculino
33,150.56,86.22,Diestro,Femenino
35,162.08,91.78,Diestro,Masculino
25,167.69,91.84,Diestro,Masculino
53,166.82,89.89,Diestro,Masculino
56,160.02,76.44,Zurdo,Femenino
36,153.66,91.96,Diestro,Femenino
46,175.02,82.4,Diestro,Femenino
59,186.22,63.73,Diestro,Femenino
58,176.66,67.68,Diestro,Masculino
45,165.45,57.48,Diestro,Femenino
41,164.53,77.12,Zurdo,Femenino
58,186.47,91.36,Diestro,Femenino
42,180.3,72.79,Diestro,Femenino
19,188.9,85.2,Diestro,Masculino
32,164.83,75.07,Diestro,Femenino
47,181.91,55.31,Diestro,Femenino
39,186.49,72.29,Diestro,Femenino
57,158.07,52.64,Diestro,Femenino
51,155.55,89.54,Diestro,Femenino
27,181.66,51.0,Diestro,Femenino
33,162.71,56.61,Diestro,Femenino
41,187.5,88.04,Diestro,Femenino
29,169.76,85.32,Zurdo,Femenino
57,160.6,66.72,Diestro,Masculino
20,165.8,69.17,Diestro,Femenino
52,187.03,86.81,Diestro,Femenino
38,169.33,93.08,Zurdo,Femenino
34,176.35,86.76,Diestro,Femenino
29,170.26,73.27,Diestro,Femenino
33,179.11,56.88,Diestro,Femenino
41,168.53,56.86,Diestro,Masculino
60,174.15,82.18,Diestro,Femenino
28,178.09,54.7,Zurdo,Femenino
59,155.27,99.63,Diestro,Masculino
60,156.65,55.44,Diestro,Masculino
26,166.56,59.75,Diestro,Femenino
38,156.79,66.67,Diestro,Masculino
47,167.35,62.58,Diestro,Masculino
27,164.43,86.19,Diestro,Femenino
51,187.16,95.15,Diestro,Masculino
50,172.05,73.23,Diestro,Masculino
51,169.26,93.08,Diestro,Femenino
29,162.31,78.12,Diestro,Femenino
52,189.41,99.76,Diestro,Femenino
40,184.19,74.38,Diestro,Masculino
40,151.27,74.62,Diestro,Masculino
25,168.95,91.53,Diestro,Femenino
18,150.49,85.01,Diestro,Femenino
24,185.57,85.04,Zurdo,Femenino
38,159.65,93.44,Diestro,Masculino
20,152.77,78.8,Diestro,Femenino
23,156.46,51.31,Zurdo,Femenino
37,155.82,73.9,Diestro,Femenino
18,172.02,94.68,Diestro,Masculino
41,170.19,79.33,Zurdo,Femenino
48,155.88,76.33,Diestro,Femenino
43,171.45,68.25,Diestro,Femenino
49,154.39,65.48,Zurdo,Femenino
48,159.96,69.75,Diestro,Masculino
18,179.03,54.67,Diestro,Femenino
47,154.21,50.58,Diestro,Masculino
31,162.06,55.22,Diestro,Masculino
52,150.27,75.76,Diestro,Femenino
26,171.62,54.07,Diestro,Femenino
29,155.5,96.12,Diestro,Masculino
31,165.36,85.67,Diestro,Femenino
40,174.59,64.64,Diestro,Femenino
22,186.68,99.81,Diestro,Masculino
31,169.07,66.89,Diestro,Femenino
53,188.31,52.34,Diestro,Masculino
41,165.16,54.72,Diestro,Femenino
30,156.49,73.86,Diestro,Masculino
39,187.6,67.58,Diestro,Femenino
60,158.49,68.78,Diestro,Femenino
27,168.87,57.37,Diestro,Femenino
24,187.8,69.45,Diestro,Masculino
22,164.69,61.14,Diestro,Femenino
45,151.4,50.25,Diestro,Femenino
60,174.56,88.59,Diestro,Femenino
46,181.3,68.06,Diestro,Femenino
54,177.03,54.15,Diestro,Masculino
31,180.78,67.88,Diestro,Masculino
35,152.33,88.78,Diestro,Femenino
31,181.55,99.51,Zurdo,Femenino
42,167.37,86.1,Diestro,Femenino
28,187.61,58.89,Diestro,Masculino
26,160.29,64.49,Diestro,Masculino
35,189.13,91.73,Diestro,Masculino
48,187.82,62.54,Diestro,Femenino
49,171.89,50.72,Diestro,Femenino
34,163.73,70.19,Diestro,Masculino
31,172.13,53.02,Diestro,Femenino
55,158.65,73.9,Diestro,Femenino
37,156.29,59.29,Diestro,Masculino
38,169.11,63.17,Diestro,Masculino
21,154.24,54.29,Diestro,Masculino
49,162.71,65.65,Diestro,Femenino
43,164.82,87.13,Diestro,Femenino
57,153.28,50.39,Diestro,Femenino
29,188.49,86.01,Diestro,Masculino
57,169.29,76.6,Diestro,Femenino
32,180.65,87.82,Diestro,Masculino
45,162.18,56.46,Diestro,Femenino
44,151.65,68.9,Diestro,Femenino
59,182.45,90.81,Diestro,Masculino
47,155.51,77.32,Diestro,Masculino
35,163.73,60.87,Diestro,Masculino
25,181.8,74.75,Diestro,Femenino
30,180.19,75.18,Diestro,Femenino
57,177.34,89.42,Diestro,Femenino
37,158.87,52.18,Diestro,Masculino
50,183.96,95.66,Diestro,Femenino
43,157.43,63.41,Diestro,Femenino
24,157.29,83.22,Zurdo,Masculino
59,153.9,68.45,Diestro,Masculino
33,175.14,78.52,Diestro,Femenino
39,165.04,64.31,Diestro,Masculino
48,173.28,82.49,Diestro,Masculino
18,180.86,73.64,Diestro,Masculino
31,155.51,91.61,Diestro,Femenino
23,153.54,95.54,Diestro,Masculino
24,171.0,84.21,Diestro,Masculino
22,183.54,84.45,Diestro,Masculino
58,182.15,56.72,Diestro,Femenino
31,159.31,78.26,Diestro,Femenino
32,163.28,85.91,Diestro,Masculino
38,180.18,77.71,Diestro,Masculino
58,152.68,84.37,Diestro,Masculino
60,152.33,78.86,Diestro,Femenino
41,152.18,55.11,Diestro,Femenino
57,172.35,82.01,Diestro,Masculino
33,172.08,50.91,Diestro,Masculino
31,154.89,95.07,Diestro,Masculino
36,162.73,75.27,Diestro,Femenino
30,180.64,98.03,Diestro,Femenino
34,167.37,79.38,Diestro,Masculino
43,183.44,53.15,Diestro,Femenino
46,184.4,68.64,Diestro,Masculino
29,184.51,51.32,Diestro,Masculino
48,187.06,62.37,Diestro,Femenino
18,151.67,86.54,Diestro,Masculino
43,189.56,74.24,Diestro,Femenino
35,151.07,58.06,Diestro,Masculino
42,168.29,81.27,Diestro,Femenino
21,164.91,69.08,Diestro,Masculino
27,170.07,56.32,Diestro,Femenino
23,151.6,98.22,Diestro,Masculino
39,161.55,75.3,Diestro,Masculino
33,186.67,95.43,Zurdo,Femenino
54,168.54,86.91,Diestro,Masculino
46,153.32,89.87,Diestro,Femenino
55,179.24,66.58,Diestro,Masculino
51,186.59,55.73,Diestro,Masculino
39,154.97,91.31,Diestro,Femenino
28,186.51,64.33,Diestro,Masculino
55,187.06,77.59,Diestro,Masculino
28,181.18,81.58,Diestro,Femenino
18,177.84,69.56,Diestro,Femenino
18,151.44,95.73,Diestro,Femenino
32,189.3,69.71,Diestro,Femenino
22,170.58,90.49,Zurdo,Masculino
51,157.38,70.99,Diestro,Femenino
43,156.23,89.94,Diestro,Masculino
54,156.14,92.93,Diestro,Femenino
28,173.51,91.53,Zurdo,Masculino
59,162.31,67.07,Zurdo,Femenino
28,180.55,70.72,Diestro,Masculino
18,165.57,62.97,Diestro,Masculino
18,155.45,51.26,Diestro,Femenino
35,168.73,94.64,Diestro,Femenino
29,155.18,76.71,Diestro,Femenino
20,157.55,90.28,Diestro,Femenino
56,163.5,91.43,Diestro,Femenino
37,189.24,89.38,Diestro,Femenino
29,160.52,96.25,Diestro,Masculino
55,157.92,81.46,Zurdo,Femenino
31,163.1,97.92,Diestro,Masculino
53,161.16,78.25,Diestro,Femenino
38,153.08,99.61,Diestro,Masculino
35,155.85,99.92,Diestro,Masculino
45,182.73,62.26,Diestro,Femenino
29,161.58,61.02,Diestro,Masculino
48,170.46,71.54,Diestro,Masculino
51,183.11,67.55,Diestro,Femenino
54,166.92,72.76,Zurdo,Femenino
50,187.81,75.17,Diestro,Femenino
51,175.12,55.18,Diestro,Femenino
23,166.57,60.44,Diestro,Femenino
60,182.63,54.61,Diestro,Masculino
24,177.41,73.64,Diestro,Femenino
34,176.5,68.28,Diestro,Masculino
33,152.35,97.34,Diestro,Masculino
19,179.52,80.34,Diestro,Masculino
36,177.34,63.15,Diestro,Masculino
58,170.91,98.48,Diestro,Masculino
26,176.49,72.07,Diestro,Masculino
39,181.05,87.85,Diestro,Masculino
50,187.34,94.54,Diestro,Femenino
23,163.35,78.04,Diestro,Femenino
39,183.19,83.66,Diestro,Femenino
32,187.17,94.91,Diestro,Masculino
58,156.54,65.79,Diestro,Femenino
45,155.85,60.66,Diestro,Masculino
27,174.2,82.8,Diestro,Femenino
34,185.8,61.49,Diestro,Masculino
28,179.86,85.3,Diestro,Femenino
23,171.7,78.55,Diestro,Femenino
18,162.91,56.86,Diestro,Masculino
20,172.74,83.09,Diestro,Femenino
53,169.22,52.16,Diestro,Femenino
25,172.4,52.51,Diestro,Femenino
55,166.44,64.57,Diestro,Masculino
52,187.36,63.14,Diestro,Femenino
50,174.79,91.27,Diestro,Masculino
20,153.59,79.42,Zurdo,Masculino
20,150.64,67.02,Diestro,Masculino
26,181.11,70.52,Diestro,Masculino
49,166.37,98.2,Diestro,Femenino
27,150.44,88.33,Diestro,Masculino
55,163.83,94.99,Zurdo,Femenino
59,150.13,58.54,Diestro,Masculino
56,188.08,97.17,Diestro,Masculino
49,184.61,65.83,Diestro,Femenino
54,153.57,90.71,Diestro,Femenino
35,183.32,93.42,Zurdo,Masculino
56,167.77,80.89,Zurdo,Masculino
28,169.98,59.83,Diestro,Masculino
48,189.29,91.45,Diestro,Masculino
37,158.44,63.39,Diestro,Masculino
60,163.34,83.52,Diestro,Masculino
55,175.53,96.54,Zurdo,Masculino
49,182.71,56.27,Diestro,Femenino
18,185.73,84.18,Diestro,Femenino
31,157.3,55.11,Zurdo,Femenino
29,175.85,87.9,Diestro,Masculino
44,168.37,61.42,Diestro,Masculino
54,171.04,65.93,Diestro,Masculino
28,184.42,57.86,Diestro,Masculino
60,157.47,86.84,Diestro,Masculino
60,169.99,95.35,Zurdo,Femenino
51,151.61,81.11,Diestro,Femenino
54,161.2,62.61,Diestro,Masculino
38,172.38,54.21,Diestro,Masculino
37,179.64,80.71,Diestro,Masculino
50,165.19,57.0,Diestro,Masculino
33,167.11,81.62,Diestro,Femenino
56,155.96,84.25,Diestro,Masculino
57,152.41,89.06,Diestro,Masculino
54,154.47,52.06,Diestro,Masculino
59,178.34,51.71,Diestro,Femenino
36,172.26,58.94,Diestro,Femenino
27,158.57,70.39,Diestro,Femenino
47,167.25,81.94,Diestro,Femenino
48,173.81,73.12,Diestro,Femenino
38,160.12,69.82,Diestro,Femenino
52,179.56,75.41,Diestro,Masculino
56,182.81,91.85,Diestro,Femenino
50,176.82,97.61,Diestro,Femenino
39,152.01,87.26,Diestro,Masculino
49,188.19,82.94,Diestro,Femenino
54,172.26,70.57,Zurdo,Femenino
49,161.23,64.71,Diestro,Masculino
51,153.23,75.55,Diestro,Femenino
35,168.36,96.84,Diestro,Femenino
33,178.32,71.31,Diestro,Masculino
36,182.27,61.27,Diestro,Masculino
22,166.19,87.99,Diestro,Femenino
42,161.24,99.89,Diestro,Femenino
40,167.08,76.92,Diestro,Masculino
49,154.91,80.49,Diestro,Masculino
32,189.94,71.26,Diestro,Masculino
43,151.36,89.31,Diestro,Femenino
39,189.05,78.98,Diestro,Masculino
57,188.73,81.93,Diestro,Masculino
41,172.85,98.47,Diestro,Femenino
59,161.13,71.25,Diestro,Masculino
36,175.62,72.4,Diestro,Femenino
33,189.38,71.28,Diestro,Masculino
27,190.0,98.19,Diestro,Femenino
60,177.63,91.91,Diestro,Femenino
54,160.99,96.37,Diestro,Femenino
39,156.76,72.79,Diestro,Femenino
20,162.24,59.56,Diestro,Masculino
18,175.13,78.27,Diestro,Masculino
36,154.4,79.52,Zurdo,Femenino
47,166.35,85.76,Diestro,Masculino
32,187.82,94.76,Diestro,Femenino
25,175.03,92.96,Diestro,Masculino
45,172.63,54.51,Diestro,Masculino
40,152.51,96.15,Diestro,Masculino
24,166.79,68.21,Zurdo,Masculino
60,178.08,65.78,Diestro,Femenino
59,189.54,58.8,Diestro,Masculino
35,185.11,97.24,Diestro,Masculino
53,184.72,62.47,Diestro,Masculino
50,184.32,71.81,Diestro,Masculino
47,181.91,50.41,Diestro,Masculino
37,167.25,71.82,Diestro,Masculino
44,166.65,94.33,Diestro,Masculino
29,161.23,99.42,Diestro,Femenino
35,155.6,95.23,Diestro,Femenino
53,187.51,58.4,Diestro,Femenino
35,181.95,93.99,Diestro,Femenino
55,183.47,85.26,Diestro,Masculino
20,180.3,89.47,Diestro,Masculino
41,187.19,99.15,Diestro,Masculino
41,152.24,86.57,Diestro,Masculino
36,162.18,92.2,Diestro,Masculino
24,164.63,67.02,Diestro,Masculino
33,172.23,70.02,Diestro,Femenino
39,167.83,52.07,Diestro,Masculino
32,150.06,70.8,Diestro,Femenino
26,173.42,96.24,Zurdo,Masculino
40,180.24,76.24,Diestro,Masculino
44,174.82,90.8,Diestro,Masculino
52,177.98,70.86,Diestro,Femenino
36,164.36,94.97,Diestro,Masculino
35,158.28,91.13,Diestro,Masculino
20,168.13,74.85,Diestro,Femenino
34,187.53,82.51,Diestro,Femenino
26,171.4,84.84,Zurdo,Masculino
57,188.61,88.0,Diestro,Femenino
31,158.37,64.42,Diestro,Masculino
22,189.35,98.59,Diestro,Masculino
29,181.79,69.91,Diestro,Femenino
34,168.71,94.92,Diestro,Masculino
21,157.44,62.15,Diestro,Masculino
30,170.75,72.62,Diestro,Masculino
38,186.3,85.38,Diestro,Masculino
51,171.99,81.21,Diestro,Masculino
19,155.68,76.2,Diestro,Masculino
37,182.57,56.47,Diestro,Femenino
50,183.52,87.54,Diestro,Masculino
46,183.9,73.83,Diestro,Masculino
45,159.73,59.02,Diestro,Femenino
26,153.18,89.7,Diestro,Masculino
34,163.31,71.01,Diestro,Masculino
18,174.28,99.2,Diestro,Masculino
18,165.3,53.22,Diestro,Femenino
45,161.07,52.79,Zurdo,Masculino
33,177.12,80.65,Diestro,Masculino
23,150.57,75.89,Diestro,Masculino
56,160.07,62.8,Diestro,Femenino
34,151.22,65.15,Diestro,Masculino
50,185.41,89.41,Diestro,Masculino
25,182.6,51.69,Diestro,Masculino
47,151.88,93.73,Diestro,Femenino
60,174.67,77.22,Diestro,Masculino
19,177.52,74.98,Diestro,Masculino
45,182.1,63.58,Diestro,Femenino
30,154.58,72.82,Diestro,Femenino
45,181.77,95.08,Diestro,Masculino
22,183.77,68.34,Zurdo,Masculino
27,158.84,93.51,Diestro,Femenino
47,189.1,99.33,Diestro,Femenino
43,165.86,71.59,Diestro,Masculino
36,188.38,96.37,Diestro,Masculino
47,185.86,98.88,Diestro,Femenino
32,181.84,63.35,Diestro,Femenino
19,187.7,69.08,Diestro,Masculino
53,159.03,80.71,Diestro,Masculino
40,152.86,84.32,Zurdo,Femenino
41,176.26,75.35,Diestro,Masculino
18,180.88,89.45,Zurdo,Masculino
31,176.03,93.63,Diestro,Femenino
54,172.71,77.28,Diestro,Masculino
45,187.65,95.48,Diestro,Masculino
54,170.63,52.35,Diestro,Femenino
39,179.05,81.45,Diestro,Masculino
45,152.73,88.43,Diestro,Masculino
36,171.65,85.48,Zurdo,Masculino
39,152.5,89.94,Diestro,Masculino
19,180.93,76.05,Diestro,Masculino
22,186.75,64.83,Diestro,Femenino
32,159.75,94.95,Zurdo,Masculino
19,170.21,81.93,Diestro,Masculino
20,166.13,50.96,Zurdo,Femenino
60,183.16,78.42,Diestro,Femenino
34,163.23,94.42,Diestro,Femenino
22,185.42,86.89,Diestro,Masculino
20,173.28,56.63,Zurdo,Femenino
24,168.55,62.18,Diestro,Masculino
59,158.12,93.23,Diestro,Femenino
33,152.75,54.07,Diestro,Masculino
30,169.52,89.07,Diestro,Masculino
38,184.46,82.22,Zurdo,Femenino
45,178.36,56.16,Diestro,Femenino
37,152.63,65.28,Diestro,Femenino
40,175.75,51.41,Diestro,Femenino
40,163.34,60.23,Zurdo,Masculino
23,161.27,62.86,Diestro,Masculino
58,169.78,97.02,Diestro,Femenino
37,175.04,94.43,Diestro,Masculino
24,165.87,82.67,Diestro,Femenino
25,152.7,90.05,Diestro,Masculino
32,166.39,86.04,Diestro,Masculino
54,172.26,66.62,Diestro,Femenino
31,170.15,61.0,Diestro,Femenino
28,160.71,54.27,Diestro,Masculino
29,157.22,91.73,Diestro,Femenino
20,152.84,81.06,Diestro,Femenino
41,175.87,68.8,Diestro,Femenino
51,152.61,58.8,Diestro,Femenino
18,180.9,74.25,Diestro,Masculino
30,160.83,56.62,Diestro,Femenino
56,189.62,90.52,Diestro,Masculino
34,153.01,97.79,Diestro,Masculino
28,189.92,71.77,Diestro,Masculino
29,152.9,75.53,Diestro,Femenino
51,157.74,52.75,Diestro,Femenino
48,157.52,96.91,Diestro,Masculino
46,178.85,69.46,Diestro,Femenino
51,172.0,92.87,Diestro,Masculino
55,150.84,64.84,Zurdo,Femenino
44,151.62,58.12,Diestro,Masculino
46,173.41,80.62,Diestro,Femenino
57,176.1,70.66,Zurdo,Masculino
26,172.78,73.73,Diestro,Masculino
38,171.65,86.73,Diestro,Femenino
35,186.92,81.91,Diestro,Masculino
51,165.72,87.7,Diestro,Masculino
28,179.57,83.24,Diestro,Femenino
39,163.6,89.67,Diestro,Femenino
30,157.92,98.68,Diestro,Masculino
18,186.5,79.98,Diestro,Masculino
29,151.44,67.64,Diestro,Femenino
53,172.93,84.36,Diestro,Masculino
31,157.16,79.96,Diestro,Masculino
57,180.29,68.74,Diestro,Masculino
60,160.5,61.79,Diestro,Femenino
26,172.5,66.05,Diestro,Masculino
33,177.18,65.11,Diestro,Masculino
29,153.83,62.61,Diestro,Masculino
43,153.87,53.02,Diestro,Femenino
57,161.62,74.6,Diestro,Masculino
21,188.86,99.37,Diestro,Masculino
33,178.04,84.56,Diestro,Femenino
40,176.59,93.23,Diestro,Femenino
55,158.87,94.99,Diestro,Femenino
27,150.81,79.65,Diestro,Masculino
51,176.3,60.43,Zurdo,Masculino
55,173.6,71.45,Diestro,Femenino
38,169.25,84.44,Diestro,Masculino
41,173.02,68.74,Diestro,Masculino
23,154.91,57.05,Diestro,Masculino
49,154.58,68.89,Diestro,Femenino
29,157.64,90.38,Zurdo,Femenino
47,168.16,97.54,Diestro,Femenino
42,171.0,65.53,Zurdo,Femenino
39,165.19,82.77,Zurdo,Masculino
50,183.49,79.06,Diestro,Femenino
49,164.57,59.43,Diestro,Masculino
25,188.66,74.39,Diestro,Masculino
34,172.67,58.78,Diestro,Femenino
40,186.62,62.71,Diestro,Masculino
22,158.29,56.46,Diestro,Femenino
36,169.86,53.89,Zurdo,Femenino
56,160.96,60.94,Diestro,Masculino
34,153.22,97.94,Diestro,Femenino
25,166.13,87.84,Diestro,Masculino
30,150.25,63.21,Diestro,Masculino
43,180.08,83.71,Diestro,Masculino
19,173.84,74.25,Diestro,Femenino
55,173.62,77.62,Diestro,Femenino
46,177.74,92.47,Zurdo,Masculino
34,168.06,74.88,Diestro,Femenino
21,182.19,75.09,Diestro,Femenino
34,161.21,50.62,Diestro,Masculino
19,182.73,86.94,Diestro,Femenino
22,155.06,87.27,Diestro,Masculino
59,183.38,75.01,Diestro,Masculino
57,167.94,96.4,Diestro,Femenino
54,173.6,98.13,Diestro,Masculino
38,183.36,97.71,Diestro,Masculino
47,167.0,97.72,Diestro,Masculino
52,172.92,96.47,Zurdo,Femenino
50,183.59,54.35,Diestro,Masculino
27,161.55,88.9,Diestro,Masculino
58,164.04,80.54,Diestro,Femenino
33,150.23,86.77,Diestro,Masculino
50,184.9,97.76,Diestro,Femenino
29,150.25,85.17,Diestro,Femenino
46,189.95,98.17,Zurdo,Masculino
47,188.14,72.26,Diestro,Masculino
48,156.65,92.12,Diestro,Masculino
33,150.83,95.64,Diestro,Masculino
58,178.74,64.51,Diestro,Masculino
54,177.28,54.77,Diestro,Masculino
37,181.45,75.82,Diestro,Femenino
29,170.09,71.7,Diestro,Femenino
21,152.96,56.58,Diestro,Femenino
29,165.09,70.59,Diestro,Femenino
22,181.29,58.35,Diestro,Femenino
29,157.13,66.55,Diestro,Femenino
27,182.29,84.92,Diestro,Masculino
60,180.48,64.39,Diestro,Masculino
19,154.85,81.73,Zurdo,Masculino
23,181.11,70.75,Diestro,Femenino
18,175.34,84.72,Diestro,Femenino
26,180.18,54.84,Zurdo,Femenino
57,171.84,79.81,Diestro,Masculino
39,151.24,52.21,Diestro,Masculino
39,159.29,85.63,Zurdo,Masculino
49,155.59,84.2,Diestro,Masculino
41,155.6,62.18,Diestro,Masculino
35,152.35,100.0,Diestro,Masculino
50,168.27,93.25,Diestro,Femenino
41,156.72,62.85,Diestro,Femenino
45,176.61,59.91,Diestro,Masculino
26,168.67,51.18,Diestro,Femenino
60,189.4,94.85,Diestro,Femenino
26,189.46,91.35,Diestro,Masculino
46,157.54,58.56,Diestro,Femenino
51,180.48,90.53,Diestro,Masculino
59,189.23,92.42,Diestro,Femenino
46,156.66,91.85,Diestro,Femenino
31,166.15,58.41,Diestro,Femenino
23,181.96,94.2,Diestro,Masculino
32,181.46,90.93,Diestro,Femenino
50,168.98,85.19,Zurdo,Masculino
39,157.58,54.01,Diestro,Femenino
35,170.84,52.43,Diestro,Masculino
48,161.89,98.09,Diestro,Masculino
41,162.81,76.83,Zurdo,Masculino
47,182.46,74.26,Diestro,Femenino
32,165.39,70.36,Diestro,Femenino
30,150.27,98.33,Diestro,Femenino
24,155.57,76.14,Diestro,Masculino
28,177.03,97.34,Diestro,Masculino
20,161.7,71.99,Zurdo,Masculino
31,155.88,82.19,Diestro,Femenino
22,178.53,85.65,Diestro,Femenino
31,177.32,92.35,Diestro,Masculino
30,186.9,60.62,Diestro,Femenino
22,151.34,96.94,Diestro,Femenino
43,162.26,86.49,Diestro,Masculino
42,182.78,96.68,Diestro,Femenino
37,150.52,97.95,Zurdo,Femenino
21,159.96,95.09,Diestro,Masculino
39,179.7,53.74,Diestro,Masculino
55,186.73,92.35,Diestro,Femenino
38,177.5,97.7,Diestro,Masculino
42,176.64,93.24,Diestro,Masculino
45,160.56,84.14,Diestro,Masculino
42,155.61,50.82,Diestro,Masculino
28,164.48,88.88,Diestro,Masculino
46,175.55,52.71,Diestro,Masculino
29,189.17,93.02,Diestro,Femenino
43,178.69,63.9,Zurdo,Masculino
33,189.03,84.69,Diestro,Femenino
38,155.02,51.42,Diestro,Femenino
25,167.08,71.53,Diestro,Femenino
28,175.68,84.53,Diestro,Masculino
20,182.24,63.22,Diestro,Masculino
41,162.07,61.27,Diestro,Masculino
21,173.32,82.96,Diestro,Femenino
23,183.15,79.34,Diestro,Femenino
